Designator,Mid X,Mid Y,Rotation,Layer
C1,28.5,-33.0,-90.0,top
C10,179.0,-33.0,-90.0,top
C11,196.0,-33.0,-90.0,top
C12,78.0,-33.0,-90.0,top
C13,227.0,-33.0,-90.0,top
C2,60.75,-33.0,-90.0,top
C3,94.5,-33.0,-90.0,top
C4,111.75,-33.0,-90.0,top
C7,128.25,-33.0,-90.0,top
C8,145.0,-33.0,-90.0,top
C9,161.75,-33.0,-90.0,top
D1,18.25,-33.0,180.0,top
D10,170.557684,-33.0,180.0,top
D11,187.48076,-33.0,180.0,top
D12,204.403836,-33.0,180.0,top
D13,221.326912,-33.0,180.0,top
D14,238.25,-33.0,180.0,top
D2,35.173076,-33.0,180.0,top
D3,52.096152,-33.0,180.0,top
D4,69.019228,-33.0,180.0,top
D5,85.942304,-33.0,180.0,top
D6,102.86538,-33.0,180.0,top
D7,119.788456,-33.0,180.0,top
D8,136.711532,-33.0,180.0,top
D9,153.634608,-33.0,180.0,top
J1,24.75,-35.5,90.0,bottom
J2,229.5,-30.5,-90.0,bottom
