Designator,Mid X,Mid Y,Rotation,Layer
D1,31.75,-33.0,90.0,top
D10,198.3789,-33.0,90.0,top
D11,214.97179,-33.0,90.0,top
D12,223.338235,-33.0,90.0,top
D13,98.40156,-33.0,90.0,top
D14,106.257972,-33.0,90.0,top
D15,121.830796,-33.0,90.0,top
D16,137.40362,-33.0,90.0,top
D17,145.260032,-33.0,90.0,top
D18,153.116445,-33.0,90.0,top
D2,39.699492,-33.0,90.0,top
D3,47.648984,-33.0,90.0,top
D4,63.407968,-33.0,90.0,top
D5,79.166952,-33.0,90.0,top
D6,87.116445,-33.0,90.0,top
D7,165.05312,-33.0,90.0,top
D8,173.419565,-33.0,90.0,top
D9,190.012455,-33.0,90.0,top
J1,28.65,-34.8,90.0,top
J2,227.35,-31.2,-90.0,top
R1,51.25,-33.0,-90.0,top
R2,71.28746,-33.0,-90.0,top
R3,181.71601,-33.1,-90.0,top
R4,211.5,-33.05,-90.0,top
R5,114.044384,-33.1,-90.0,top
R6,129.617208,-33.1,-90.0,top
